,Metric,M Variance,F Variance,T-Statistic,P-Value,p < 0.05
0,Views,141436807733008,369982186695.751,2.73974336637553,0.00690523942448511,TRUE
1,Likes,972107.768888889,117753458.455822,-1.75671931817712,0.0810337754882757,FALSE
2,Comments,10048.0472888889,234292.665955556,-2.44195421666017,0.0157866008418596,TRUE
3,GenBit Score,0.179143576809502,0.151982503328968,2.13997744236614,0.0339959270335384,TRUE
4,% Female Words,0.0286275527852968,0.0986254330798333,-5.61870053558231,9.26831418129754E-08,TRUE
5,% Male Words,0.128816778407179,0.0537003182110593,7.09502109151065,4.97512503013219E-11,TRUE
6,Avg Bias Ratio,0.332757456124373,0.240278956370151,8.42133982596304,2.97429884513881E-14,TRUE
7,Freq Female Words,953.975822222222,793.682488888889,0,1,FALSE
8,Freq Male Words,1569.26328888889,65.8424888888889,3.52576042362262,0.000562410811533152,TRUE
