,Metric,M Variance,F Variance,T-Statistic,P-Value,p < 0.05
0,Views,182964885291877,256920649921891,-0.246212834454757,0.805772535683834,FALSE
1,Likes,994571790.7459,994779751.3419,-1.42544050302112,0.155604426715415,FALSE
2,Comments,15245915.1779,1034426.9976,0.919284816380635,0.359065170878698,FALSE
3,GenBit Score,0.186447148907147,0.154380248918008,1.22939192010949,0.220383829048738,FALSE
4,% Female Words,0.0550602651195897,0.128767260184642,-3.98922896184509,9.32643025855462E-05,TRUE
5,% Male Words,0.152361191393558,0.050370984173804,5.4881338606322,1.23368044001833E-07,TRUE
6,Avg Bias Ratio,0.331138719473781,0.209480879869384,7.11067765448205,2.0539948778355E-11,TRUE
7,Freq Female Words,172.3491,150.4896,-1.3567220604904,0.176414345502117,FALSE
8,Freq Male Words,344.1851,60.1171,0.890711480703409,0.374165008277184,FALSE
